<?xml version="1.0" encoding="UTF-8"?>
<project-private xmlns="http://www.netbeans.org/ns/project-private/1">
    <editor-bookmarks xmlns="http://www.netbeans.org/ns/editor-bookmarks/2" lastBookmarkId="0"/>
    <open-files xmlns="http://www.netbeans.org/ns/projectui-open-files/2">
        <group>
            <file>file:/C:/Users/ryanh/Documents/NetBeansProjects/RyanHildebrant/src/Model/InHouse.java</file>
            <file>file:/C:/Users/ryanh/Documents/NetBeansProjects/RyanHildebrant/src/Model/Part.java</file>
            <file>file:/C:/Users/ryanh/Documents/NetBeansProjects/RyanHildebrant/src/View_Controller/MainScreenController.java</file>
            <file>file:/C:/Users/ryanh/Documents/NetBeansProjects/RyanHildebrant/src/Model/Product.java</file>
            <file>file:/C:/Users/ryanh/Documents/NetBeansProjects/RyanHildebrant/src/View_Controller/ModifyProductController.java</file>
            <file>file:/C:/Users/ryanh/Documents/NetBeansProjects/RyanHildebrant/src/View_Controller/ModifyPartController.java</file>
            <file>file:/C:/Users/ryanh/Documents/NetBeansProjects/RyanHildebrant/src/ryanhildebrant/RyanHildebrant.java</file>
            <file>file:/C:/Users/ryanh/Documents/NetBeansProjects/RyanHildebrant/src/View_Controller/AddPartController.java</file>
            <file>file:/C:/Users/ryanh/Documents/NetBeansProjects/RyanHildebrant/src/View_Controller/AddProductController.java</file>
            <file>file:/C:/Users/ryanh/Documents/NetBeansProjects/RyanHildebrant/src/Model/Inventory.java</file>
            <file>file:/C:/Users/ryanh/Documents/NetBeansProjects/RyanHildebrant/src/Model/Outsourced.java</file>
        </group>
    </open-files>
</project-private>
